batch_index,method,sum_input_tokens,sum_output_tokens,sum_total_tokens,avg_input_tokens,avg_output_tokens,avg_total_tokens,min_total_tokens,max_total_tokens,tasks_in_batch,batch_start,batch_end
1,zero_shot,1950,3759,5709,195.0,375.9,570.9,422,989,10,1,10
2,zero_shot,1957,4270,6227,195.7,427.0,622.7,402,1211,10,11,20
3,zero_shot,1967,3583,5550,196.7,358.3,555.0,459,640,10,21,30
4,zero_shot,2236,4432,6668,223.6,443.2,666.8,488,1374,10,31,40
5,zero_shot,1809,4183,5992,180.9,418.3,599.2,438,1198,10,41,50
6,zero_shot,1843,3302,5145,184.3,330.2,514.5,415,640,10,51,60
7,zero_shot,2004,3800,5804,200.4,380.0,580.4,426,729,10,61,70
8,zero_shot,1942,4584,6526,194.2,458.4,652.6,403,1176,10,71,80
9,zero_shot,1665,3898,5563,166.5,389.8,556.3,425,818,10,81,90
10,zero_shot,1700,4691,6391,170.0,469.1,639.1,494,1210,10,91,100
11,zero_shot,1889,3321,5210,188.9,332.1,521.0,396,650,10,101,110
12,zero_shot,1706,3879,5585,170.6,387.9,558.5,427,804,10,111,120
13,zero_shot,2254,4645,6899,225.4,464.5,689.9,459,1249,10,121,130
14,zero_shot,1918,3602,5520,191.8,360.2,552.0,427,716,10,131,140
15,zero_shot,2072,3580,5652,207.2,358.0,565.2,457,694,10,141,150
16,zero_shot,2125,4186,6311,212.5,418.6,631.1,482,807,10,151,160
17,zero_shot,1864,4019,5883,186.4,401.9,588.3,425,1224,10,161,170
18,zero_shot,1860,3966,5826,186.0,396.6,582.6,339,1226,10,171,180
19,zero_shot,2130,4494,6624,213.0,449.4,662.4,461,1220,10,181,190
20,zero_shot,1877,4198,6075,187.7,419.8,607.5,442,1220,10,191,200
21,zero_shot,1833,3732,5565,183.3,373.2,556.5,402,675,10,201,210
22,zero_shot,1782,4260,6042,178.2,426.0,604.2,463,1237,10,211,220
23,zero_shot,1977,4333,6310,197.7,433.3,631.0,364,1248,10,221,230
24,zero_shot,2047,3818,5865,204.7,381.8,586.5,321,817,10,231,240
25,zero_shot,2080,3202,5282,208.0,320.2,528.2,383,832,10,241,250
26,zero_shot,1669,3261,4930,166.9,326.1,493.0,393,615,10,251,260
27,zero_shot,1606,3585,5191,160.6,358.5,519.1,332,698,10,261,270
28,zero_shot,1726,4381,6107,172.6,438.1,610.7,508,970,10,271,280
29,zero_shot,1894,4010,5904,189.4,401.0,590.4,423,762,10,281,290
30,zero_shot,1861,3908,5769,186.1,390.8,576.9,453,726,10,291,300
31,zero_shot,1996,4358,6354,199.6,435.8,635.4,447,1181,10,301,310
32,zero_shot,2095,4784,6879,209.5,478.4,687.9,376,1247,10,311,320
33,zero_shot,2038,4490,6528,203.8,449.0,652.8,463,1242,10,321,330
34,zero_shot,1758,3967,5725,175.8,396.7,572.5,416,742,10,331,340
35,zero_shot,2091,3330,5421,209.1,333.0,542.1,455,814,10,341,350
36,zero_shot,1767,4087,5854,176.7,408.7,585.4,414,771,10,351,360
37,zero_shot,1895,3500,5395,189.5,350.0,539.5,402,786,10,361,370
38,zero_shot,1868,3839,5707,186.8,383.9,570.7,413,722,10,371,380
39,zero_shot,2141,4961,7102,214.1,496.1,710.2,396,1220,10,381,390
40,zero_shot,1907,4319,6226,190.7,431.9,622.6,465,1262,10,391,400
41,zero_shot,2095,3653,5748,209.5,365.3,574.8,411,750,10,401,410
42,zero_shot,1868,4432,6300,186.8,443.2,630.0,428,1252,10,411,420
43,zero_shot,2032,3806,5838,203.2,380.6,583.8,423,947,10,421,430
44,zero_shot,1716,2928,4644,171.6,292.8,464.4,379,558,10,431,440
45,zero_shot,1820,3516,5336,182.0,351.6,533.6,400,696,10,441,450
46,zero_shot,1785,3273,5058,178.5,327.3,505.8,350,663,10,451,460
47,zero_shot,2349,3672,6021,234.9,367.2,602.1,457,847,10,461,470
48,zero_shot,1670,3711,5381,167.0,371.1,538.1,384,722,10,471,480
49,zero_shot,2104,4215,6319,210.4,421.5,631.9,462,1261,10,481,490
50,zero_shot,2168,3588,5756,216.8,358.8,575.6,403,1217,10,491,500
51,zero_shot,2094,2926,5020,209.4,292.6,502.0,364,641,10,501,510
52,zero_shot,2127,3614,5741,212.7,361.4,574.1,454,754,10,511,520
53,zero_shot,2243,4238,6481,224.3,423.8,648.1,491,935,10,521,530
54,zero_shot,1882,3799,5681,188.2,379.9,568.1,509,630,10,531,540
55,zero_shot,2161,4227,6388,216.1,422.7,638.8,416,1290,10,541,550
56,zero_shot,1766,3616,5382,176.6,361.6,538.2,431,643,10,551,560
57,zero_shot,1641,2900,4541,164.1,290.0,454.1,377,537,10,561,570
58,zero_shot,2008,3484,5492,200.8,348.4,549.2,449,702,10,571,580
59,zero_shot,1660,3427,5087,166.0,342.7,508.7,352,778,10,581,590
60,zero_shot,2024,3670,5694,202.4,367.0,569.4,420,830,10,591,600
61,zero_shot,1964,3903,5867,196.4,390.3,586.7,437,737,10,601,610
62,zero_shot,1777,3436,5213,177.7,343.6,521.3,443,720,10,611,620
63,zero_shot,2078,3793,5871,207.8,379.3,587.1,311,877,10,621,630
64,zero_shot,1797,3497,5294,179.7,349.7,529.4,412,819,10,631,640
65,zero_shot,1753,3556,5309,175.3,355.6,530.9,429,653,10,641,650
66,zero_shot,1846,3633,5479,184.6,363.3,547.9,479,714,10,651,660
67,zero_shot,2046,3620,5666,204.6,362.0,566.6,372,676,10,661,670
68,zero_shot,1732,3889,5621,173.2,388.9,562.1,355,1282,10,671,680
69,zero_shot,2034,3375,5409,203.4,337.5,540.9,451,663,10,681,690
70,zero_shot,1759,3954,5713,175.9,395.4,571.3,473,757,10,691,700
71,zero_shot,1971,3731,5702,197.1,373.1,570.2,417,904,10,701,710
72,zero_shot,1936,3613,5549,193.6,361.3,554.9,399,715,10,711,720
73,zero_shot,1799,3212,5011,179.9,321.2,501.1,383,848,10,721,730
74,zero_shot,1844,4026,5870,184.4,402.6,587.0,367,1260,10,731,740
75,zero_shot,1870,4321,6191,187.0,432.1,619.1,473,1214,10,741,750
76,zero_shot,1990,3347,5337,199.0,334.7,533.7,460,629,10,751,760
77,zero_shot,1857,3535,5392,185.7,353.5,539.2,462,655,10,761,770
78,zero_shot,2024,4167,6191,202.4,416.7,619.1,428,1201,10,771,780
79,zero_shot,1958,3589,5547,195.8,358.9,554.7,369,977,10,781,790
80,zero_shot,1704,3967,5671,170.4,396.7,567.1,429,791,10,791,800
81,zero_shot,1744,3677,5421,174.4,367.7,542.1,371,655,10,801,810
82,zero_shot,1796,3335,5131,179.6,333.5,513.1,360,684,10,811,820
83,zero_shot,1991,4496,6487,199.1,449.6,648.7,403,1202,10,821,830
84,zero_shot,2221,3465,5686,222.1,346.5,568.6,346,748,10,831,840
85,zero_shot,2112,4355,6467,211.2,435.5,646.7,467,1291,10,841,850
86,zero_shot,1950,3879,5829,195.0,387.9,582.9,384,1215,10,851,860
87,zero_shot,1894,3868,5762,189.4,386.8,576.2,447,765,10,861,870
88,zero_shot,1785,3374,5159,178.5,337.4,515.9,423,635,10,871,880
89,zero_shot,1825,3913,5738,182.5,391.3,573.8,495,653,10,881,890
90,zero_shot,1787,3486,5273,178.7,348.6,527.3,443,683,10,891,900
91,zero_shot,1827,3741,5568,182.7,374.1,556.8,318,690,10,901,910
92,zero_shot,2065,3603,5668,206.5,360.3,566.8,391,801,10,911,920
93,zero_shot,2036,3573,5609,203.6,357.3,560.9,431,813,10,921,930
94,zero_shot,2130,3901,6031,213.0,390.1,603.1,436,1002,10,931,940
95,zero_shot,1904,4275,6179,190.4,427.5,617.9,450,1143,10,941,950
96,zero_shot,1924,3874,5798,192.4,387.4,579.8,458,1210,10,951,960
97,zero_shot,1923,3509,5432,192.3,350.9,543.2,421,735,10,961,970
98,zero_shot,890,1268,2158,222.5,317.0,539.5,483,623,4,971,974
