timestamp,project_name,run_id,experiment_id,duration,emissions,emissions_rate,cpu_power,gpu_power,ram_power,cpu_energy,gpu_energy,ram_energy,energy_consumed,water_consumed,country_name,country_iso_code,region,os,python_version,codecarbon_version,cpu_count,cpu_model,gpu_count,gpu_model,longitude,latitude,ram_total_size,tracking_mode,on_cloud,pue,wue,cloud_provider,cloud_region
2025-12-07T05:57:22,few_shot_batch_0,8606019e-7866-413f-8916-cdb27b1464bf,5b0fa12a-3dd7-45bb-9766-cc326314d9f1,245.147086434,0.0028771993153802,1.1736624559700396e-05,42.5,68.56129635583096,10.0,0.002891699292918,0.004666782344534,0.0006803024031333,0.0082387840405853,0.0,United States,USA,nevada,Linux-6.6.105+-x86_64-with-glibc2.35,3.12.12,3.2.0,2,Intel(R) Xeon(R) CPU @ 2.00GHz,1,1 x Tesla T4,-115.1164,36.1685,12.671436309814451,machine,N,1.0,0.0,,
2025-12-07T06:01:32,few_shot_batch_1,0c9d7a2b-2c0d-46fe-a09d-fc403ff3af3e,5b0fa12a-3dd7-45bb-9766-cc326314d9f1,248.84705520499995,0.0029343228993395,1.1791672185641376e-05,42.5,69.14200552862027,10.0,0.0029353510734708,0.0047764129877939,0.0006905918491416,0.0084023559104064,0.0,United States,USA,nevada,Linux-6.6.105+-x86_64-with-glibc2.35,3.12.12,3.2.0,2,Intel(R) Xeon(R) CPU @ 2.00GHz,1,1 x Tesla T4,-115.1164,36.1685,12.671436309814451,machine,N,1.0,0.0,,
2025-12-07T06:05:46,few_shot_batch_2,4c8d1b13-2c29-4faa-bbc4-afc540784b94,5b0fa12a-3dd7-45bb-9766-cc326314d9f1,253.271635914,0.0029864835858925,1.179162275757792e-05,42.5,69.14747937005166,10.0,0.0029874216991638,0.0048614575002739,0.0007028374555027,0.0085517166549406,0.0,United States,USA,nevada,Linux-6.6.105+-x86_64-with-glibc2.35,3.12.12,3.2.0,2,Intel(R) Xeon(R) CPU @ 2.00GHz,1,1 x Tesla T4,-115.1164,36.1685,12.671436309814451,machine,N,1.0,0.0,,
2025-12-07T06:09:57,few_shot_batch_3,b68ae4d2-c19d-4166-9669-5ceefc39298b,5b0fa12a-3dd7-45bb-9766-cc326314d9f1,248.8912670730001,0.0029346568030292,1.1790919133247655e-05,42.5,69.15876969070966,10.0,0.0029355823944305,0.004777112988354,0.0006906166519944,0.008403312034779,0.0,United States,USA,nevada,Linux-6.6.105+-x86_64-with-glibc2.35,3.12.12,3.2.0,2,Intel(R) Xeon(R) CPU @ 2.00GHz,1,1 x Tesla T4,-115.1164,36.1685,12.671436309814451,machine,N,1.0,0.0,,
2025-12-07T06:13:41,few_shot_batch_4,88d0f3bf-565c-4eb4-8552-a97fc4875b36,5b0fa12a-3dd7-45bb-9766-cc326314d9f1,222.723903305,0.0026270385791016,1.17950455255097e-05,42.5,69.18352070586859,10.0,0.0026270324764437,0.004277372033006,0.0006180508879944,0.0075224553974442,0.0,United States,USA,nevada,Linux-6.6.105+-x86_64-with-glibc2.35,3.12.12,3.2.0,2,Intel(R) Xeon(R) CPU @ 2.00GHz,1,1 x Tesla T4,-115.1164,36.1685,12.671436309814451,machine,N,1.0,0.0,,
2025-12-07T06:17:40,few_shot_batch_5,86901761-cfd6-4bb1-94bf-cb014a5282da,5b0fa12a-3dd7-45bb-9766-cc326314d9f1,237.94913374799967,0.0028045788235348,1.1786463683894171e-05,42.5,69.09457142517061,10.0,0.0028067580263951,0.00456376476212,0.0006603143969333,0.0080308371854484,0.0,United States,USA,nevada,Linux-6.6.105+-x86_64-with-glibc2.35,3.12.12,3.2.0,2,Intel(R) Xeon(R) CPU @ 2.00GHz,1,1 x Tesla T4,-115.1164,36.1685,12.671436309814451,machine,N,1.0,0.0,,
2025-12-07T06:22:13,few_shot_batch_6,01762fdd-b189-482d-bdec-09314cead693,5b0fa12a-3dd7-45bb-9766-cc326314d9f1,271.1216468959997,0.0031975012397687,1.179360363281994e-05,42.5,69.22273475956102,10.0,0.0031976285550208,0.005206061942624,0.0007522696206333,0.0091559601182781,0.0,United States,USA,nevada,Linux-6.6.105+-x86_64-with-glibc2.35,3.12.12,3.2.0,2,Intel(R) Xeon(R) CPU @ 2.00GHz,1,1 x Tesla T4,-115.1164,36.1685,12.671436309814451,machine,N,1.0,0.0,,
2025-12-07T06:26:09,few_shot_batch_7,78766b0f-135e-4080-af37-61e286a62b4f,5b0fa12a-3dd7-45bb-9766-cc326314d9f1,235.3596721910003,0.0027724163320615,1.1779487565786685e-05,42.5,69.02063037737446,10.0,0.0027763747015361,0.004509177774006,0.0006531882673555,0.0079387407428976,0.0,United States,USA,nevada,Linux-6.6.105+-x86_64-with-glibc2.35,3.12.12,3.2.0,2,Intel(R) Xeon(R) CPU @ 2.00GHz,1,1 x Tesla T4,-115.1164,36.1685,12.671436309814451,machine,N,1.0,0.0,,
2025-12-07T06:29:51,few_shot_batch_8,0f98d24a-3972-43df-a65e-fafad4b65cc6,5b0fa12a-3dd7-45bb-9766-cc326314d9f1,219.8939824289996,0.0025905390640146,1.1780854734627135e-05,42.5,69.05173751742205,10.0,0.0025935196348305,0.004214253649178,0.0006101667186277,0.0074179400026363,0.0,United States,USA,nevada,Linux-6.6.105+-x86_64-with-glibc2.35,3.12.12,3.2.0,2,Intel(R) Xeon(R) CPU @ 2.00GHz,1,1 x Tesla T4,-115.1164,36.1685,12.671436309814451,machine,N,1.0,0.0,,
2025-12-07T06:33:42,few_shot_batch_9,ac11ca06-74ce-4e00-b17e-b83bee4e20d3,5b0fa12a-3dd7-45bb-9766-cc326314d9f1,229.69824996399984,0.002705892312139,1.1780204300917276e-05,42.5,68.99576538138129,10.0,0.0027092803686145,0.0044015746323679,0.0006373959726722,0.0077482509736547,0.0,United States,USA,nevada,Linux-6.6.105+-x86_64-with-glibc2.35,3.12.12,3.2.0,2,Intel(R) Xeon(R) CPU @ 2.00GHz,1,1 x Tesla T4,-115.1164,36.1685,12.671436309814451,machine,N,1.0,0.0,,
2025-12-07T06:38:44,few_shot_batch_10,f2dd4bad-662c-418c-985f-aeb2a09ecb9a,5b0fa12a-3dd7-45bb-9766-cc326314d9f1,300.86508648100016,0.0035474621373112,1.1790873373854566e-05,42.5,69.47615472792666,10.0,0.0035486161292854,0.005774592397448,0.0008348553533833,0.0101580638801167,0.0,United States,USA,nevada,Linux-6.6.105+-x86_64-with-glibc2.35,3.12.12,3.2.0,2,Intel(R) Xeon(R) CPU @ 2.00GHz,1,1 x Tesla T4,-115.1164,36.1685,12.671436309814451,machine,N,1.0,0.0,,
2025-12-07T06:42:35,few_shot_batch_11,d646acc0-dcf8-4cf2-aca1-a85ea74a7616,5b0fa12a-3dd7-45bb-9766-cc326314d9f1,230.111575724,0.002709754614451,1.1775829207745724e-05,42.5,68.97603100559178,10.0,0.0027140242296291,0.00440676324763,0.0006385230967777,0.0077593105740369,0.0,United States,USA,nevada,Linux-6.6.105+-x86_64-with-glibc2.35,3.12.12,3.2.0,2,Intel(R) Xeon(R) CPU @ 2.00GHz,1,1 x Tesla T4,-115.1164,36.1685,12.671436309814451,machine,N,1.0,0.0,,
2025-12-07T06:46:45,few_shot_batch_12,a3ad1744-d62d-402f-adf1-887aa96e431f,5b0fa12a-3dd7-45bb-9766-cc326314d9f1,247.81766342900028,0.0029185520745227,1.1777013930885275e-05,42.5,69.02332033925617,10.0,0.0029226997030437,0.0047468868530619,0.0006876100151083,0.008357196571214,0.0,United States,USA,nevada,Linux-6.6.105+-x86_64-with-glibc2.35,3.12.12,3.2.0,2,Intel(R) Xeon(R) CPU @ 2.00GHz,1,1 x Tesla T4,-115.1164,36.1685,12.671436309814451,machine,N,1.0,0.0,,
2025-12-07T06:52:01,few_shot_batch_13,312ddd6c-9cb8-43b5-b20b-402a247858a4,5b0fa12a-3dd7-45bb-9766-cc326314d9f1,315.2154011910002,0.0037156734513145,1.1787728129004284e-05,42.5,69.49834736454243,10.0,0.003717831196384,0.0060472573378019,0.0008746439887138,0.0106397325228999,0.0,United States,USA,nevada,Linux-6.6.105+-x86_64-with-glibc2.35,3.12.12,3.2.0,2,Intel(R) Xeon(R) CPU @ 2.00GHz,1,1 x Tesla T4,-115.1164,36.1685,12.671436309814451,machine,N,1.0,0.0,,
2025-12-07T06:56:08,few_shot_batch_14,ed4b72ff-a6ea-402f-976d-2e04951a9a3b,5b0fa12a-3dd7-45bb-9766-cc326314d9f1,245.1385182619997,0.0028890781687812,1.1785492501400397e-05,42.5,69.11476515382297,10.0,0.0028914902779298,0.0047010493163919,0.0006802592283805,0.0082727988227024,0.0,United States,USA,nevada,Linux-6.6.105+-x86_64-with-glibc2.35,3.12.12,3.2.0,2,Intel(R) Xeon(R) CPU @ 2.00GHz,1,1 x Tesla T4,-115.1164,36.1685,12.671436309814451,machine,N,1.0,0.0,,
2025-12-07T07:00:37,few_shot_batch_15,879e5070-1dff-431c-a919-b88b48a269ee,5b0fa12a-3dd7-45bb-9766-cc326314d9f1,267.30777991000014,0.0031542284525482,1.1799987466172052e-05,42.5,69.23826900327329,10.0,0.0031527028269097,0.0051376174434239,0.0007417293677638,0.0090320496380975,0.0,United States,USA,nevada,Linux-6.6.105+-x86_64-with-glibc2.35,3.12.12,3.2.0,2,Intel(R) Xeon(R) CPU @ 2.00GHz,1,1 x Tesla T4,-115.1164,36.1685,12.671436309814451,machine,N,1.0,0.0,,
2025-12-07T07:04:47,few_shot_batch_16,2df69be2-8ed9-4c5c-8bf5-f6d23f090837,5b0fa12a-3dd7-45bb-9766-cc326314d9f1,248.77025080400017,0.0029338077542295,1.1793241936074751e-05,42.5,69.17823608946176,10.0,0.0029339725944944,0.0047766521546519,0.0006902560568805,0.008400880806027,0.0,United States,USA,nevada,Linux-6.6.105+-x86_64-with-glibc2.35,3.12.12,3.2.0,2,Intel(R) Xeon(R) CPU @ 2.00GHz,1,1 x Tesla T4,-115.1164,36.1685,12.671436309814451,machine,N,1.0,0.0,,
2025-12-07T07:08:58,few_shot_batch_17,cfcd9340-3533-475a-931d-5e2e14bbb9a3,5b0fa12a-3dd7-45bb-9766-cc326314d9f1,249.56392083799983,0.0029426169019259,1.1791034906187852e-05,42.5,69.15118144609941,10.0,0.0029433556652082,0.004790275776662,0.0006924741252861,0.0084261055671564,0.0,United States,USA,nevada,Linux-6.6.105+-x86_64-with-glibc2.35,3.12.12,3.2.0,2,Intel(R) Xeon(R) CPU @ 2.00GHz,1,1 x Tesla T4,-115.1164,36.1685,12.671436309814451,machine,N,1.0,0.0,,
2025-12-07T07:13:44,few_shot_batch_18,18f17538-2046-4b5b-9126-41a8dca428c4,5b0fa12a-3dd7-45bb-9766-cc326314d9f1,284.8823004370006,0.0033612900578003,1.179887291223154e-05,42.5,69.22041459906006,10.0,0.0033602189292124,0.0054742193793719,0.0007905267523861,0.0096249650609705,0.0,United States,USA,nevada,Linux-6.6.105+-x86_64-with-glibc2.35,3.12.12,3.2.0,2,Intel(R) Xeon(R) CPU @ 2.00GHz,1,1 x Tesla T4,-115.1164,36.1685,12.671436309814451,machine,N,1.0,0.0,,
2025-12-07T07:17:42,few_shot_batch_19,87c5c053-9704-4b21-864e-f3e220789841,5b0fa12a-3dd7-45bb-9766-cc326314d9f1,236.3828280770004,0.0027880271929833,1.1794541996405763e-05,42.5,69.19133391067372,10.0,0.0027879208012618,0.004539626965032,0.0006558942634194,0.0079834420297132,0.0,United States,USA,nevada,Linux-6.6.105+-x86_64-with-glibc2.35,3.12.12,3.2.0,2,Intel(R) Xeon(R) CPU @ 2.00GHz,1,1 x Tesla T4,-115.1164,36.1685,12.671436309814451,machine,N,1.0,0.0,,
2025-12-07T07:21:50,few_shot_batch_20,874e8940-739b-41dc-a767-82bc5765f43b,5b0fa12a-3dd7-45bb-9766-cc326314d9f1,247.44073207099973,0.0029170703007501,1.1788965690228967e-05,42.5,69.11969519944398,10.0,0.0029185553513972,0.004747772131548,0.0006866260683138,0.0083529535512591,0.0,United States,USA,nevada,Linux-6.6.105+-x86_64-with-glibc2.35,3.12.12,3.2.0,2,Intel(R) Xeon(R) CPU @ 2.00GHz,1,1 x Tesla T4,-115.1164,36.1685,12.671436309814451,machine,N,1.0,0.0,,
2025-12-07T07:25:25,few_shot_batch_21,f4fa0d88-6390-40f8-8d3c-c5e7b1f009e2,5b0fa12a-3dd7-45bb-9766-cc326314d9f1,212.6782894479993,0.0025062236438366,1.1784106644554366e-05,42.5,69.02580022432942,10.0,0.0025082067047333,0.0040782218736859,0.0005900764515249,0.0071765050299443,0.0,United States,USA,nevada,Linux-6.6.105+-x86_64-with-glibc2.35,3.12.12,3.2.0,2,Intel(R) Xeon(R) CPU @ 2.00GHz,1,1 x Tesla T4,-115.1164,36.1685,12.671436309814451,machine,N,1.0,0.0,,
2025-12-07T07:29:42,few_shot_batch_22,04813c77-0b6c-4ad2-ba9c-0e3e0589b691,5b0fa12a-3dd7-45bb-9766-cc326314d9f1,255.9789836290001,0.0030132859152127,1.1771614499337092e-05,42.5,69.2308268047005,10.0,0.0030188209038486,0.0048994511417799,0.0007101923694944,0.008628464415123,0.0,United States,USA,nevada,Linux-6.6.105+-x86_64-with-glibc2.35,3.12.12,3.2.0,2,Intel(R) Xeon(R) CPU @ 2.00GHz,1,1 x Tesla T4,-115.1164,36.1685,12.671436309814451,machine,N,1.0,0.0,,
2025-12-07T07:33:41,few_shot_batch_23,60d57c95-9d9d-4c10-9848-9d44f0989cc0,5b0fa12a-3dd7-45bb-9766-cc326314d9f1,237.41370272800032,0.002794764474866,1.1771706699119832e-05,42.5,68.92535157107972,10.0,0.0028006410738104,0.00454320641234,0.0006588865718055,0.0080027340579559,0.0,United States,USA,nevada,Linux-6.6.105+-x86_64-with-glibc2.35,3.12.12,3.2.0,2,Intel(R) Xeon(R) CPU @ 2.00GHz,1,1 x Tesla T4,-115.1164,36.1685,12.671436309814451,machine,N,1.0,0.0,,
2025-12-07T07:37:44,few_shot_batch_24,e55ff871-efed-421d-b87f-b423c595b477,5b0fa12a-3dd7-45bb-9766-cc326314d9f1,242.2837897090003,0.0028532686647254,1.1776556195329433e-05,42.5,69.12853659200445,10.0,0.0028576223226673,0.0046403501011659,0.000672286832375,0.0081702592562083,0.0,United States,USA,nevada,Linux-6.6.105+-x86_64-with-glibc2.35,3.12.12,3.2.0,2,Intel(R) Xeon(R) CPU @ 2.00GHz,1,1 x Tesla T4,-115.1164,36.1685,12.671436309814451,machine,N,1.0,0.0,,
2025-12-07T07:42:12,few_shot_batch_25,194c7645-6c0a-442f-8c53-763653d6807f,5b0fa12a-3dd7-45bb-9766-cc326314d9f1,265.9477909670004,0.0031291163346395,1.1765904590754313e-05,42.5,68.90197901286233,10.0,0.0031362466932708,0.005086038513272,0.0007378565469861,0.0089601417535289,0.0,United States,USA,nevada,Linux-6.6.105+-x86_64-with-glibc2.35,3.12.12,3.2.0,2,Intel(R) Xeon(R) CPU @ 2.00GHz,1,1 x Tesla T4,-115.1164,36.1685,12.671436309814451,machine,N,1.0,0.0,,
2025-12-07T07:46:03,few_shot_batch_26,72c3d08a-d55c-4798-a9bc-0e527a1fa17f,5b0fa12a-3dd7-45bb-9766-cc326314d9f1,229.7518548879998,0.0027034536279606,1.1766841357074196e-05,42.5,68.92172795391451,10.0,0.0027099840175742,0.0043937346260959,0.0006375492224249,0.0077412678660952,0.0,United States,USA,nevada,Linux-6.6.105+-x86_64-with-glibc2.35,3.12.12,3.2.0,2,Intel(R) Xeon(R) CPU @ 2.00GHz,1,1 x Tesla T4,-115.1164,36.1685,12.671436309814451,machine,N,1.0,0.0,,
2025-12-07T07:50:10,few_shot_batch_27,2bea852c-f8d9-4211-b210-f612651b7751,5b0fa12a-3dd7-45bb-9766-cc326314d9f1,245.396962543,0.0028871344636001,1.1765159738251508e-05,42.5,68.88069399673634,10.0,0.0028943807460909,0.004691909031302,0.0006809432969999,0.0082672330743929,0.0,United States,USA,nevada,Linux-6.6.105+-x86_64-with-glibc2.35,3.12.12,3.2.0,2,Intel(R) Xeon(R) CPU @ 2.00GHz,1,1 x Tesla T4,-115.1164,36.1685,12.671436309814451,machine,N,1.0,0.0,,
2025-12-07T07:54:20,few_shot_batch_28,0cae8460-baa7-4f49-80b5-c0a9b73036c3,5b0fa12a-3dd7-45bb-9766-cc326314d9f1,248.78575906399965,0.0029279495065582,1.1768959435515752e-05,42.5,68.93323610953048,10.0,0.0029344562104708,0.0047592993629919,0.0006903502955055,0.0083841058689683,0.0,United States,USA,nevada,Linux-6.6.105+-x86_64-with-glibc2.35,3.12.12,3.2.0,2,Intel(R) Xeon(R) CPU @ 2.00GHz,1,1 x Tesla T4,-115.1164,36.1685,12.671436309814451,machine,N,1.0,0.0,,
2025-12-07T07:58:49,few_shot_batch_29,bb47b77f-cb9c-4074-9ad3-331fa91224c5,5b0fa12a-3dd7-45bb-9766-cc326314d9f1,267.6406055389998,0.0031502107075959,1.177030182416376e-05,42.5,68.9470254477259,10.0,0.0031564232179409,0.0051215618750239,0.0007425598388666,0.0090205449318316,0.0,United States,USA,nevada,Linux-6.6.105+-x86_64-with-glibc2.35,3.12.12,3.2.0,2,Intel(R) Xeon(R) CPU @ 2.00GHz,1,1 x Tesla T4,-115.1164,36.1685,12.671436309814451,machine,N,1.0,0.0,,
2025-12-07T08:03:41,few_shot_batch_30,453e9993-245a-42c7-b7ff-f00323fa34a6,5b0fa12a-3dd7-45bb-9766-cc326314d9f1,290.8089698849999,0.0034193048858069,1.1757907217095446e-05,42.5,68.85490510120903,10.0,0.0034297541023242,0.0055544302768739,0.0008069046053194,0.0097910889845177,0.0,United States,USA,nevada,Linux-6.6.105+-x86_64-with-glibc2.35,3.12.12,3.2.0,2,Intel(R) Xeon(R) CPU @ 2.00GHz,1,1 x Tesla T4,-115.1164,36.1685,12.671436309814451,machine,N,1.0,0.0,,
2025-12-07T08:07:32,few_shot_batch_31,38175a02-8ed4-4786-80b3-28d7cd010887,5b0fa12a-3dd7-45bb-9766-cc326314d9f1,229.82748203399933,0.0027023377446097,1.1758114045777813e-05,42.5,68.87938382819121,10.0,0.0027101761630375,0.0043902940677879,0.0006376023328472,0.0077380725636727,0.0,United States,USA,nevada,Linux-6.6.105+-x86_64-with-glibc2.35,3.12.12,3.2.0,2,Intel(R) Xeon(R) CPU @ 2.00GHz,1,1 x Tesla T4,-115.1164,36.1685,12.671436309814451,machine,N,1.0,0.0,,
2025-12-07T08:12:30,few_shot_batch_32,78708fac-2b6d-4637-a2a5-667c9e29048e,5b0fa12a-3dd7-45bb-9766-cc326314d9f1,296.4397527689998,0.0034844695421962,1.1754393631921374e-05,42.5,68.7852566455993,10.0,0.003495949411968,0.0056592717496359,0.0008224650906805,0.0099776862522846,0.0,United States,USA,nevada,Linux-6.6.105+-x86_64-with-glibc2.35,3.12.12,3.2.0,2,Intel(R) Xeon(R) CPU @ 2.00GHz,1,1 x Tesla T4,-115.1164,36.1685,12.671436309814451,machine,N,1.0,0.0,,
2025-12-07T08:16:12,few_shot_batch_33,a8406f0a-1306-4726-a9f6-9d575e33cc6c,5b0fa12a-3dd7-45bb-9766-cc326314d9f1,221.1604628110017,0.0025991791679641,1.1752458531366712e-05,42.5,68.76814054310981,10.0,0.0026080741208681,0.004221034210158,0.0006135723804472,0.0074426807114733,0.0,United States,USA,nevada,Linux-6.6.105+-x86_64-with-glibc2.35,3.12.12,3.2.0,2,Intel(R) Xeon(R) CPU @ 2.00GHz,1,1 x Tesla T4,-115.1164,36.1685,12.671436309814451,machine,N,1.0,0.0,,
2025-12-07T08:20:31,few_shot_batch_34,52b8fcb1-54b1-413c-a7cd-97acb5bc2e42,5b0fa12a-3dd7-45bb-9766-cc326314d9f1,257.2730647699991,0.0030258211518782,1.176112685789044e-05,42.5,68.87087537175802,10.0,0.0030342961639201,0.004916209766298,0.0007138528031166,0.0086643587333347,0.0,United States,USA,nevada,Linux-6.6.105+-x86_64-with-glibc2.35,3.12.12,3.2.0,2,Intel(R) Xeon(R) CPU @ 2.00GHz,1,1 x Tesla T4,-115.1164,36.1685,12.671436309814451,machine,N,1.0,0.0,,
2025-12-07T08:25:17,few_shot_batch_35,9bf1fdd0-4c6e-4cd2-8b0f-0556d0485b3b,5b0fa12a-3dd7-45bb-9766-cc326314d9f1,284.9109793490006,0.0033517237674923,1.1764108828486476e-05,42.5,68.87043421324509,10.0,0.0033602793009937,0.005446741024056,0.0007905519169749,0.0095975722420247,0.0,United States,USA,nevada,Linux-6.6.105+-x86_64-with-glibc2.35,3.12.12,3.2.0,2,Intel(R) Xeon(R) CPU @ 2.00GHz,1,1 x Tesla T4,-115.1164,36.1685,12.671436309814451,machine,N,1.0,0.0,,
2025-12-07T08:30:35,few_shot_batch_36,bd396b25-bb07-4a0d-b31f-49ac9afa4b02,5b0fa12a-3dd7-45bb-9766-cc326314d9f1,316.3702080179992,0.0037237307531934,1.1770168804837654e-05,42.5,68.94775878607608,10.0,0.003730880438884,0.006054203176692,0.0008777207778666,0.0106628043934427,0.0,United States,USA,nevada,Linux-6.6.105+-x86_64-with-glibc2.35,3.12.12,3.2.0,2,Intel(R) Xeon(R) CPU @ 2.00GHz,1,1 x Tesla T4,-115.1164,36.1685,12.671436309814451,machine,N,1.0,0.0,,
2025-12-07T08:35:24,few_shot_batch_37,955257e3-b413-47c8-bc56-551d1d4dfd37,5b0fa12a-3dd7-45bb-9766-cc326314d9f1,287.03430375099924,0.0033767072421166,1.1764124350258527e-05,42.5,68.9356656058386,10.0,0.0033849008078132,0.005487894112534,0.0007963168396083,0.0096691117599555,0.0,United States,USA,nevada,Linux-6.6.105+-x86_64-with-glibc2.35,3.12.12,3.2.0,2,Intel(R) Xeon(R) CPU @ 2.00GHz,1,1 x Tesla T4,-115.1164,36.1685,12.671436309814451,machine,N,1.0,0.0,,
2025-12-07T08:39:54,few_shot_batch_38,ba18934d-e889-4462-9af2-6a6ab17bd4fc,5b0fa12a-3dd7-45bb-9766-cc326314d9f1,269.42041948599945,0.0031682397539105,1.1759464111721487e-05,42.5,68.8209456387832,10.0,0.0031776238572368,0.0051469638397899,0.00074758293145,0.0090721706284767,0.0,United States,USA,nevada,Linux-6.6.105+-x86_64-with-glibc2.35,3.12.12,3.2.0,2,Intel(R) Xeon(R) CPU @ 2.00GHz,1,1 x Tesla T4,-115.1164,36.1685,12.671436309814451,machine,N,1.0,0.0,,
2025-12-07T08:44:46,few_shot_batch_39,3d87cc4d-cffa-4a7d-826b-04de09544626,5b0fa12a-3dd7-45bb-9766-cc326314d9f1,289.9585365090006,0.0034108922588535,1.1763379343541572e-05,42.5,68.89183888408579,10.0,0.0034199228979042,0.005542486656208,0.0008045900959222,0.0097669996500344,0.0,United States,USA,nevada,Linux-6.6.105+-x86_64-with-glibc2.35,3.12.12,3.2.0,2,Intel(R) Xeon(R) CPU @ 2.00GHz,1,1 x Tesla T4,-115.1164,36.1685,12.671436309814451,machine,N,1.0,0.0,,
2025-12-07T08:49:18,few_shot_batch_40,5d11c0de-c83b-4fc3-91da-1f983c960b99,5b0fa12a-3dd7-45bb-9766-cc326314d9f1,270.52476253199893,0.003184321955307,1.1770907496611678e-05,42.5,69.25640261743476,10.0,0.0031904432309784,0.0051772085862079,0.0007505697690722,0.0091182215862586,0.0,United States,USA,nevada,Linux-6.6.105+-x86_64-with-glibc2.35,3.12.12,3.2.0,2,Intel(R) Xeon(R) CPU @ 2.00GHz,1,1 x Tesla T4,-115.1164,36.1685,12.671436309814451,machine,N,1.0,0.0,,
2025-12-07T08:53:50,few_shot_batch_41,e1ec04ad-3a80-4e7f-a485-b3385b1c4ade,5b0fa12a-3dd7-45bb-9766-cc326314d9f1,270.5270277199997,0.0031792260625156,1.1751972027749408e-05,42.5,68.099706215075,10.0,0.0031906541208895,0.0051623338520859,0.0007506416592333,0.0091036296322088,0.0,United States,USA,nevada,Linux-6.6.105+-x86_64-with-glibc2.35,3.12.12,3.2.0,2,Intel(R) Xeon(R) CPU @ 2.00GHz,1,1 x Tesla T4,-115.1164,36.1685,12.671436309814451,machine,N,1.0,0.0,,
2025-12-07T08:58:18,few_shot_batch_42,1ee56fe0-9672-491c-b101-279f75ba7c2c,5b0fa12a-3dd7-45bb-9766-cc326314d9f1,267.3817426280002,0.0031451136457887,1.17626342579585e-05,42.5,68.84980156220098,10.0,0.0031537990426555,0.0051101774214719,0.0007419731662083,0.0090059496303358,0.0,United States,USA,nevada,Linux-6.6.105+-x86_64-with-glibc2.35,3.12.12,3.2.0,2,Intel(R) Xeon(R) CPU @ 2.00GHz,1,1 x Tesla T4,-115.1164,36.1685,12.671436309814451,machine,N,1.0,0.0,,
2025-12-07T09:02:37,few_shot_batch_43,5dac41a2-8653-4d44-a9e2-38843ad3830e,5b0fa12a-3dd7-45bb-9766-cc326314d9f1,257.5879552710012,0.0030258234160312,1.1746758162072732e-05,42.5,68.74574979361184,10.0,0.0030371841056569,0.0049126436523339,0.0007145374586861,0.008664365216677,0.0,United States,USA,nevada,Linux-6.6.105+-x86_64-with-glibc2.35,3.12.12,3.2.0,2,Intel(R) Xeon(R) CPU @ 2.00GHz,1,1 x Tesla T4,-115.1164,36.1685,12.671436309814451,machine,N,1.0,0.0,,
2025-12-07T09:06:51,few_shot_batch_44,79732ca2-1b0a-4d42-b491-ca6217bdfb62,5b0fa12a-3dd7-45bb-9766-cc326314d9f1,252.28118372299832,0.0029631418398776,1.174539375529166e-05,42.5,68.68382807938833,10.0,0.0029754226427611,0.004809446347554,0.0007000091930888,0.008484878183404,0.0,United States,USA,nevada,Linux-6.6.105+-x86_64-with-glibc2.35,3.12.12,3.2.0,2,Intel(R) Xeon(R) CPU @ 2.00GHz,1,1 x Tesla T4,-115.1164,36.1685,12.671436309814451,machine,N,1.0,0.0,,
2025-12-07T09:10:34,few_shot_batch_45,a3e8e872-abd9-4ba5-8d2c-8ba21a9f2f92,5b0fa12a-3dd7-45bb-9766-cc326314d9f1,221.6519050200004,0.0026052020877652,1.1753574089652689e-05,42.5,68.7687121355263,10.0,0.0026142824560555,0.004230604495592,0.0006150402311666,0.0074599271828142,0.0,United States,USA,nevada,Linux-6.6.105+-x86_64-with-glibc2.35,3.12.12,3.2.0,2,Intel(R) Xeon(R) CPU @ 2.00GHz,1,1 x Tesla T4,-115.1164,36.1685,12.671436309814451,machine,N,1.0,0.0,,
2025-12-07T09:15:07,few_shot_batch_46,31c53618-7911-401d-848d-a027703ef2b1,5b0fa12a-3dd7-45bb-9766-cc326314d9f1,271.25246830499964,0.0031912830646469,1.1764991797452094e-05,42.5,68.87858542541419,10.0,0.0031991882885166,0.005186320260164,0.0007526459898166,0.0091381545384973,0.0,United States,USA,nevada,Linux-6.6.105+-x86_64-with-glibc2.35,3.12.12,3.2.0,2,Intel(R) Xeon(R) CPU @ 2.00GHz,1,1 x Tesla T4,-115.1164,36.1685,12.671436309814451,machine,N,1.0,0.0,,
2025-12-07T09:19:28,few_shot_batch_47,a6197dd0-c453-4679-af8c-21109cefa7d2,5b0fa12a-3dd7-45bb-9766-cc326314d9f1,259.5859357950012,0.0030519104586445,1.1756840559554204e-05,42.5,68.81156451899226,10.0,0.0030618472453819,0.0049568853543939,0.0007203321725416,0.0087390647723175,0.0,United States,USA,nevada,Linux-6.6.105+-x86_64-with-glibc2.35,3.12.12,3.2.0,2,Intel(R) Xeon(R) CPU @ 2.00GHz,1,1 x Tesla T4,-115.1164,36.1685,12.671436309814451,machine,N,1.0,0.0,,
2025-12-07T09:24:13,few_shot_batch_48,e0bacba1-c6dd-44d1-9b86-e44578789c01,5b0fa12a-3dd7-45bb-9766-cc326314d9f1,283.40644620799867,0.0033317500715447,1.1756084295624904e-05,42.5,68.80820867535101,10.0,0.0033419366981326,0.005412211829766,0.0007862295647583,0.009540378092657,0.0,United States,USA,nevada,Linux-6.6.105+-x86_64-with-glibc2.35,3.12.12,3.2.0,2,Intel(R) Xeon(R) CPU @ 2.00GHz,1,1 x Tesla T4,-115.1164,36.1685,12.671436309814451,machine,N,1.0,0.0,,
2025-12-07T09:28:35,few_shot_batch_49,a6a8a18b-fd2f-4777-b175-f06e90a48907,5b0fa12a-3dd7-45bb-9766-cc326314d9f1,261.16384769399883,0.0030700681137136,1.1755333446115974e-05,42.5,68.78984127670417,10.0,0.0030805107169152,0.0049858220442099,0.0007247259755999,0.0087910587367252,0.0,United States,USA,nevada,Linux-6.6.105+-x86_64-with-glibc2.35,3.12.12,3.2.0,2,Intel(R) Xeon(R) CPU @ 2.00GHz,1,1 x Tesla T4,-115.1164,36.1685,12.671436309814451,machine,N,1.0,0.0,,
2025-12-07T09:33:00,few_shot_batch_50,79c3052d-1e30-4da4-aad7-425ab121e7c5,5b0fa12a-3dd7-45bb-9766-cc326314d9f1,264.06692714400015,0.0031033832511021,1.175226024957598e-05,42.5,68.76740792038274,10.0,0.0031142853231944,0.005039535142736,0.0007326352843972,0.0088864557503277,0.0,United States,USA,nevada,Linux-6.6.105+-x86_64-with-glibc2.35,3.12.12,3.2.0,2,Intel(R) Xeon(R) CPU @ 2.00GHz,1,1 x Tesla T4,-115.1164,36.1685,12.671436309814451,machine,N,1.0,0.0,,
2025-12-07T09:37:20,few_shot_batch_51,a5d03bc3-a27d-4d15-881a-24e686026675,5b0fa12a-3dd7-45bb-9766-cc326314d9f1,257.9705776390001,0.0030307033552565,1.1748252002201922e-05,42.5,68.70346682213602,10.0,0.0030421788424833,0.004920456991918,0.0007157029590083,0.0086783387934096,0.0,United States,USA,nevada,Linux-6.6.105+-x86_64-with-glibc2.35,3.12.12,3.2.0,2,Intel(R) Xeon(R) CPU @ 2.00GHz,1,1 x Tesla T4,-115.1164,36.1685,12.671436309814451,machine,N,1.0,0.0,,
2025-12-07T09:41:48,few_shot_batch_52,d2d47b38-881a-49c0-8a0b-26cafdce6ecf,5b0fa12a-3dd7-45bb-9766-cc326314d9f1,266.887492246,0.0031373820515871,1.1755448054850446e-05,42.5,68.80929863758072,10.0,0.0031471313196083,0.0050962660214539,0.0007404130740388,0.0089838104151011,0.0,United States,USA,nevada,Linux-6.6.105+-x86_64-with-glibc2.35,3.12.12,3.2.0,2,Intel(R) Xeon(R) CPU @ 2.00GHz,1,1 x Tesla T4,-115.1164,36.1685,12.671436309814451,machine,N,1.0,0.0,,
2025-12-07T09:46:33,few_shot_batch_53,b208282f-2f38-42a6-a11f-dfb0dec0fa32,5b0fa12a-3dd7-45bb-9766-cc326314d9f1,283.4119696840007,0.0033286485241492,1.174491157822524e-05,42.5,68.67770282399947,10.0,0.0033423930224978,0.0054027884888939,0.0007863153824388,0.0095314968938306,0.0,United States,USA,nevada,Linux-6.6.105+-x86_64-with-glibc2.35,3.12.12,3.2.0,2,Intel(R) Xeon(R) CPU @ 2.00GHz,1,1 x Tesla T4,-115.1164,36.1685,12.671436309814451,machine,N,1.0,0.0,,
2025-12-07T09:50:42,few_shot_batch_54,7a14529c-2adb-45df-a1ba-f359ce416848,5b0fa12a-3dd7-45bb-9766-cc326314d9f1,247.4485939090009,0.0029068524489123,1.1747298309487822e-05,42.5,68.7218458223593,10.0,0.002918741256668,0.0047182668301659,0.0006866869162944,0.0083236950031284,0.0,United States,USA,nevada,Linux-6.6.105+-x86_64-with-glibc2.35,3.12.12,3.2.0,2,Intel(R) Xeon(R) CPU @ 2.00GHz,1,1 x Tesla T4,-115.1164,36.1685,12.671436309814451,machine,N,1.0,0.0,,
2025-12-07T09:55:42,few_shot_batch_55,4d31fe1f-3610-41a4-b5ff-7c88347f1460,5b0fa12a-3dd7-45bb-9766-cc326314d9f1,299.10949455899936,0.0035142361435388,1.1748995626903049e-05,42.5,68.72548072449293,10.0,0.0035273870495562,0.0057056715089779,0.0008298635683638,0.0100629221268981,0.0,United States,USA,nevada,Linux-6.6.105+-x86_64-with-glibc2.35,3.12.12,3.2.0,2,Intel(R) Xeon(R) CPU @ 2.00GHz,1,1 x Tesla T4,-115.1164,36.1685,12.671436309814451,machine,N,1.0,0.0,,
2025-12-07T09:59:53,few_shot_batch_56,bd206946-6eac-4102-866c-8645ae864281,5b0fa12a-3dd7-45bb-9766-cc326314d9f1,249.0855454270004,0.0029248774787032,1.1742461706034525e-05,42.5,68.65979321425061,10.0,0.0029378582280049,0.004746269352568,0.0006911816179916,0.0083753091985645,0.0,United States,USA,nevada,Linux-6.6.105+-x86_64-with-glibc2.35,3.12.12,3.2.0,2,Intel(R) Xeon(R) CPU @ 2.00GHz,1,1 x Tesla T4,-115.1164,36.1685,12.671436309814451,machine,N,1.0,0.0,,
2025-12-07T10:04:44,few_shot_batch_57,07d71d9e-04b0-4b17-abca-f187a0998980,5b0fa12a-3dd7-45bb-9766-cc326314d9f1,289.92672555800164,0.0034064282459193,1.1749272990833364e-05,42.5,68.76281793526648,10.0,0.0034191339846771,0.0055306847023219,0.0008043983802222,0.0097542170672213,0.0,United States,USA,nevada,Linux-6.6.105+-x86_64-with-glibc2.35,3.12.12,3.2.0,2,Intel(R) Xeon(R) CPU @ 2.00GHz,1,1 x Tesla T4,-115.1164,36.1685,12.671436309814451,machine,N,1.0,0.0,,
2025-12-07T10:09:54,few_shot_batch_58,1a4c0710-a2dd-4fdd-bec5-27bcd110ced8,5b0fa12a-3dd7-45bb-9766-cc326314d9f1,308.21977077700103,0.003622449102924,1.1752812267013587e-05,42.5,68.77515391981811,10.0,0.0036349571196375,0.0058826655394619,0.0008551644111139,0.0103727870702134,0.0,United States,USA,nevada,Linux-6.6.105+-x86_64-with-glibc2.35,3.12.12,3.2.0,2,Intel(R) Xeon(R) CPU @ 2.00GHz,1,1 x Tesla T4,-115.1164,36.1685,12.671436309814451,machine,N,1.0,0.0,,
2025-12-07T10:14:17,few_shot_batch_59,69e9e275-25ad-4701-92a0-ce55f258411e,5b0fa12a-3dd7-45bb-9766-cc326314d9f1,262.468740155,0.0030811544744472,1.173912928689203e-05,42.5,68.60989958070583,10.0,0.0030955636087757,0.0049989889991879,0.0007282516291138,0.0088228042370776,0.0,United States,USA,nevada,Linux-6.6.105+-x86_64-with-glibc2.35,3.12.12,3.2.0,2,Intel(R) Xeon(R) CPU @ 2.00GHz,1,1 x Tesla T4,-115.1164,36.1685,12.671436309814451,machine,N,1.0,0.0,,
2025-12-07T10:18:15,few_shot_batch_60,9ed5179d-af27-464d-a84d-acb4f89a415d,5b0fa12a-3dd7-45bb-9766-cc326314d9f1,235.6186076980012,0.0027653636332699,1.1736609685829105e-05,42.5,68.60950032940903,10.0,0.002778758192793,0.0044860446999439,0.0006537426339527,0.0079185455266898,0.0,United States,USA,nevada,Linux-6.6.105+-x86_64-with-glibc2.35,3.12.12,3.2.0,2,Intel(R) Xeon(R) CPU @ 2.00GHz,1,1 x Tesla T4,-115.1164,36.1685,12.671436309814451,machine,N,1.0,0.0,,
2025-12-07T10:22:43,few_shot_batch_61,2fb1677a-56c2-4b0b-aaea-d7cb2e9c2767,5b0fa12a-3dd7-45bb-9766-cc326314d9f1,266.9353449169976,0.0031334621910516,1.1738656010600508e-05,42.5,68.62132281560402,10.0,0.0031479588063785,0.0050840701783639,0.0007405570135277,0.0089725859982702,0.0,United States,USA,nevada,Linux-6.6.105+-x86_64-with-glibc2.35,3.12.12,3.2.0,2,Intel(R) Xeon(R) CPU @ 2.00GHz,1,1 x Tesla T4,-115.1164,36.1685,12.671436309814451,machine,N,1.0,0.0,,
2025-12-07T10:28:15,few_shot_batch_62,53a5ba01-d47e-40ea-bd73-5a0ee5eb28e1,5b0fa12a-3dd7-45bb-9766-cc326314d9f1,331.12345239099886,0.0038915164994313,1.1752464137865144e-05,42.5,68.84232177840451,10.0,0.0039049401066598,0.006319618111246,0.0009186962162944,0.0111432544342003,0.0,United States,USA,nevada,Linux-6.6.105+-x86_64-with-glibc2.35,3.12.12,3.2.0,2,Intel(R) Xeon(R) CPU @ 2.00GHz,1,1 x Tesla T4,-115.1164,36.1685,12.671436309814451,machine,N,1.0,0.0,,
2025-12-07T10:32:11,few_shot_batch_63,606ca6f1-affd-495c-ac37-793363a7f946,5b0fa12a-3dd7-45bb-9766-cc326314d9f1,234.0076407360029,0.002747047028398,1.1739133900747804e-05,42.5,68.63999654670943,10.0,0.0027598560381312,0.0044569516211139,0.0006492887544861,0.0078660964137313,0.0,United States,USA,nevada,Linux-6.6.105+-x86_64-with-glibc2.35,3.12.12,3.2.0,2,Intel(R) Xeon(R) CPU @ 2.00GHz,1,1 x Tesla T4,-115.1164,36.1685,12.671436309814451,machine,N,1.0,0.0,,
2025-12-07T10:37:16,few_shot_batch_64,14448738-19fa-4174-877d-b77f2a0ed6a3,5b0fa12a-3dd7-45bb-9766-cc326314d9f1,303.64095794699824,0.0035636640983729,1.1736440704402588e-05,42.5,68.64750681575077,10.0,0.0035810820865438,0.0057809018469399,0.0008424738330444,0.0102044577665282,0.0,United States,USA,nevada,Linux-6.6.105+-x86_64-with-glibc2.35,3.12.12,3.2.0,2,Intel(R) Xeon(R) CPU @ 2.00GHz,1,1 x Tesla T4,-115.1164,36.1685,12.671436309814451,machine,N,1.0,0.0,,
2025-12-07T10:41:39,few_shot_batch_65,bf2fe9af-0782-47f3-9b8f-41ae42f191c5,5b0fa12a-3dd7-45bb-9766-cc326314d9f1,261.2775828429985,0.0030648440972845,1.1730222179551398e-05,42.5,68.54423587314282,10.0,0.0030810847191763,0.0049701639761279,0.0007248512087277,0.008776099904032,0.0,United States,USA,nevada,Linux-6.6.105+-x86_64-with-glibc2.35,3.12.12,3.2.0,2,Intel(R) Xeon(R) CPU @ 2.00GHz,1,1 x Tesla T4,-115.1164,36.1685,12.671436309814451,machine,N,1.0,0.0,,
2025-12-07T10:46:00,few_shot_batch_66,6b8c6ded-b937-4aae-8db6-6ddfca20ebdf,5b0fa12a-3dd7-45bb-9766-cc326314d9f1,259.511047502001,0.0030457629632691,1.17365445231988e-05,42.5,68.67476767824063,10.0,0.0030607556051389,0.004940642285844,0.0007200636911361,0.008721461582119,0.0,United States,USA,nevada,Linux-6.6.105+-x86_64-with-glibc2.35,3.12.12,3.2.0,2,Intel(R) Xeon(R) CPU @ 2.00GHz,1,1 x Tesla T4,-115.1164,36.1685,12.671436309814451,machine,N,1.0,0.0,,
2025-12-07T10:50:31,few_shot_batch_67,6ef2434f-d4b8-4065-8fe9-91a84de06ce2,5b0fa12a-3dd7-45bb-9766-cc326314d9f1,270.0607741240019,0.0031640222286743,1.1715963708307876e-05,42.5,64.79392793405768,10.0,0.0031846108133791,0.0051262563232239,0.0007492267200555,0.0090600938566587,0.0,United States,USA,nevada,Linux-6.6.105+-x86_64-with-glibc2.35,3.12.12,3.2.0,2,Intel(R) Xeon(R) CPU @ 2.00GHz,1,1 x Tesla T4,-115.1164,36.1685,12.671436309814451,machine,N,1.0,0.0,,
2025-12-07T10:54:40,few_shot_batch_68,e4464ea5-60f1-4d84-84a2-b939e0d79f63,5b0fa12a-3dd7-45bb-9766-cc326314d9f1,247.5199089939997,0.0029034762118428,1.1730273429896949e-05,42.5,68.58191817731363,10.0,0.0029189897988637,0.0047083279333259,0.0006867095055055,0.0083140272376953,0.0,United States,USA,nevada,Linux-6.6.105+-x86_64-with-glibc2.35,3.12.12,3.2.0,2,Intel(R) Xeon(R) CPU @ 2.00GHz,1,1 x Tesla T4,-115.1164,36.1685,12.671436309814451,machine,N,1.0,0.0,,
2025-12-07T10:59:38,few_shot_batch_69,40c73d56-d9d8-4bea-9457-fb1176f57731,5b0fa12a-3dd7-45bb-9766-cc326314d9f1,296.4626248950008,0.0034813108827492,1.1742832284448065e-05,42.5,68.64988444954278,10.0,0.0034965163649548,0.005649519241834,0.0008226059078222,0.0099686415146111,0.0,United States,USA,nevada,Linux-6.6.105+-x86_64-with-glibc2.35,3.12.12,3.2.0,2,Intel(R) Xeon(R) CPU @ 2.00GHz,1,1 x Tesla T4,-115.1164,36.1685,12.671436309814451,machine,N,1.0,0.0,,
2025-12-07T11:04:05,few_shot_batch_70,d9cfe892-d38a-4d07-b558-636aebe4979c,5b0fa12a-3dd7-45bb-9766-cc326314d9f1,265.4356377559998,0.0031173229025214,1.174417621113486e-05,42.5,68.67654048811652,10.0,0.0031304611906306,0.005059404603076,0.0007365057792861,0.0089263715729927,0.0,United States,USA,nevada,Linux-6.6.105+-x86_64-with-glibc2.35,3.12.12,3.2.0,2,Intel(R) Xeon(R) CPU @ 2.00GHz,1,1 x Tesla T4,-115.1164,36.1685,12.671436309814451,machine,N,1.0,0.0,,
2025-12-07T11:08:16,few_shot_batch_71,d82f7a57-5f56-4780-88a0-627734c9d1bb,5b0fa12a-3dd7-45bb-9766-cc326314d9f1,250.0030656589988,0.0029311258153891,1.1724359490004024e-05,42.5,68.49901951009552,10.0,0.0029480523748575,0.0047515907457139,0.0006935580246138,0.0083932011451853,0.0,United States,USA,nevada,Linux-6.6.105+-x86_64-with-glibc2.35,3.12.12,3.2.0,2,Intel(R) Xeon(R) CPU @ 2.00GHz,1,1 x Tesla T4,-115.1164,36.1685,12.671436309814451,machine,N,1.0,0.0,,
2025-12-07T11:13:12,few_shot_batch_72,25a47f9b-867a-4dbd-a826-c326732f11db,5b0fa12a-3dd7-45bb-9766-cc326314d9f1,294.7521430279994,0.0034578188241813,1.1731276280671004e-05,42.5,68.53035185777908,10.0,0.0034766602981353,0.0056067847632019,0.0008179275657222,0.0099013726270595,0.0,United States,USA,nevada,Linux-6.6.105+-x86_64-with-glibc2.35,3.12.12,3.2.0,2,Intel(R) Xeon(R) CPU @ 2.00GHz,1,1 x Tesla T4,-115.1164,36.1685,12.671436309814451,machine,N,1.0,0.0,,
2025-12-07T11:17:15,few_shot_batch_73,ed9e5fab-1aa4-4faa-8ca3-c2e7f3a29f4d,5b0fa12a-3dd7-45bb-9766-cc326314d9f1,241.0242549760005,0.0028270252531617,1.172921477733952e-05,42.5,68.617273913952,10.0,0.0028427306554776,0.004583608111328,0.0006687731754138,0.0080951119422195,0.0,United States,USA,nevada,Linux-6.6.105+-x86_64-with-glibc2.35,3.12.12,3.2.0,2,Intel(R) Xeon(R) CPU @ 2.00GHz,1,1 x Tesla T4,-115.1164,36.1685,12.671436309814451,machine,N,1.0,0.0,,
2025-12-07T11:21:40,few_shot_batch_74,9ed9263f-3157-4bab-be20-5d1ea06dcc95,5b0fa12a-3dd7-45bb-9766-cc326314d9f1,263.391661949001,0.0030900330971198,1.1731704315370975e-05,42.5,68.55453495447429,10.0,0.0031065231018025,0.00501089011982,0.0007308147163388,0.0088482279379614,0.0,United States,USA,nevada,Linux-6.6.105+-x86_64-with-glibc2.35,3.12.12,3.2.0,2,Intel(R) Xeon(R) CPU @ 2.00GHz,1,1 x Tesla T4,-115.1164,36.1685,12.671436309814451,machine,N,1.0,0.0,,
2025-12-07T11:26:56,few_shot_batch_75,5305fd1a-b427-4ac1-93cf-f68ed9d02db8,5b0fa12a-3dd7-45bb-9766-cc326314d9f1,314.7061541629992,0.0036908977069745,1.1728076042208256e-05,42.5,68.50701287676773,10.0,0.0037114658035681,0.0059841775651159,0.0008731444664527,0.0105687878351368,0.0,United States,USA,nevada,Linux-6.6.105+-x86_64-with-glibc2.35,3.12.12,3.2.0,2,Intel(R) Xeon(R) CPU @ 2.00GHz,1,1 x Tesla T4,-115.1164,36.1685,12.671436309814451,machine,N,1.0,0.0,,
2025-12-07T11:32:10,few_shot_batch_76,3c9e69b7-a5fa-4e5f-ae6b-344eac5dc059,5b0fa12a-3dd7-45bb-9766-cc326314d9f1,313.07745189399793,0.0036719739511824,1.1728643915326531e-05,42.5,68.51943743926478,10.0,0.0036920344139729,0.005953980596514,0.0008685851511111,0.010514600161598,0.0,United States,USA,nevada,Linux-6.6.105+-x86_64-with-glibc2.35,3.12.12,3.2.0,2,Intel(R) Xeon(R) CPU @ 2.00GHz,1,1 x Tesla T4,-115.1164,36.1685,12.671436309814451,machine,N,1.0,0.0,,
2025-12-07T11:36:46,few_shot_batch_77,44ca98a0-898d-4254-b0fb-61bd6f4eb3a4,5b0fa12a-3dd7-45bb-9766-cc326314d9f1,274.744310924998,0.0032196689894298,1.1718783106336368e-05,42.5,68.41506866557846,10.0,0.003240219559704,0.005216930284652,0.0007622870379916,0.0092194368823477,0.0,United States,USA,nevada,Linux-6.6.105+-x86_64-with-glibc2.35,3.12.12,3.2.0,2,Intel(R) Xeon(R) CPU @ 2.00GHz,1,1 x Tesla T4,-115.1164,36.1685,12.671436309814451,machine,N,1.0,0.0,,
2025-12-07T11:40:50,few_shot_batch_78,1a17ce74-b586-43f4-9290-c5cefbd1e698,5b0fa12a-3dd7-45bb-9766-cc326314d9f1,242.22601580099945,0.0028422492767049,1.1733872876148722e-05,42.5,68.66964513119282,10.0,0.0028565038477707,0.00461018841037,0.0006720132723055,0.0081387055304463,0.0,United States,USA,nevada,Linux-6.6.105+-x86_64-with-glibc2.35,3.12.12,3.2.0,2,Intel(R) Xeon(R) CPU @ 2.00GHz,1,1 x Tesla T4,-115.1164,36.1685,12.671436309814451,machine,N,1.0,0.0,,
2025-12-07T11:45:26,few_shot_batch_79,8d1b4465-9073-4226-846d-bf973f3eceaf,5b0fa12a-3dd7-45bb-9766-cc326314d9f1,274.50259998099864,0.003218015549412,1.1723078577888738e-05,42.5,68.55456605851073,10.0,0.0032369732083485,0.0052162022285139,0.0007615268637833,0.0092147023006458,0.0,United States,USA,nevada,Linux-6.6.105+-x86_64-with-glibc2.35,3.12.12,3.2.0,2,Intel(R) Xeon(R) CPU @ 2.00GHz,1,1 x Tesla T4,-115.1164,36.1685,12.671436309814451,machine,N,1.0,0.0,,
2025-12-07T11:49:29,few_shot_batch_80,0b25c880-9295-4a8d-8bc8-34a4d1047c30,5b0fa12a-3dd7-45bb-9766-cc326314d9f1,241.9183828060013,0.0028314227797917,1.170404144964177e-05,42.5,68.36695887203467,10.0,0.0028532327171091,0.004583215055458,0.0006712563706944,0.0081077041432615,0.0,United States,USA,nevada,Linux-6.6.105+-x86_64-with-glibc2.35,3.12.12,3.2.0,2,Intel(R) Xeon(R) CPU @ 2.00GHz,1,1 x Tesla T4,-115.1164,36.1685,12.671436309814451,machine,N,1.0,0.0,,
2025-12-07T11:53:44,few_shot_batch_81,47c7489e-b966-4b37-88a9-986aee398c1e,5b0fa12a-3dd7-45bb-9766-cc326314d9f1,253.400898797001,0.0029707764572089,1.1723622415360211e-05,42.5,68.46289780857306,10.0,0.0029884863388736,0.0048151652410179,0.0007030881280472,0.0085067397079388,0.0,United States,USA,nevada,Linux-6.6.105+-x86_64-with-glibc2.35,3.12.12,3.2.0,2,Intel(R) Xeon(R) CPU @ 2.00GHz,1,1 x Tesla T4,-115.1164,36.1685,12.671436309814451,machine,N,1.0,0.0,,
2025-12-07T11:58:20,few_shot_batch_82,4a8af349-e97b-4212-9139-65801f2c3f5f,5b0fa12a-3dd7-45bb-9766-cc326314d9f1,274.1452601469973,0.0032126257059334,1.1718698708162178e-05,42.5,68.46795271858163,10.0,0.0032329236348188,0.0052057816646219,0.0007605633271472,0.009199268626588,0.0,United States,USA,nevada,Linux-6.6.105+-x86_64-with-glibc2.35,3.12.12,3.2.0,2,Intel(R) Xeon(R) CPU @ 2.00GHz,1,1 x Tesla T4,-115.1164,36.1685,12.671436309814451,machine,N,1.0,0.0,,
2025-12-07T12:02:46,few_shot_batch_83,e945b1da-0500-40c0-8a7b-dc17fba40b14,5b0fa12a-3dd7-45bb-9766-cc326314d9f1,264.50220063800225,0.0031011347424687,1.1724419437677947e-05,42.5,68.4737884146809,10.0,0.0031192932012449,0.005026881243724,0.000733842760436,0.0088800172054051,0.0,United States,USA,nevada,Linux-6.6.105+-x86_64-with-glibc2.35,3.12.12,3.2.0,2,Intel(R) Xeon(R) CPU @ 2.00GHz,1,1 x Tesla T4,-115.1164,36.1685,12.671436309814451,machine,N,1.0,0.0,,
2025-12-07T12:08:23,few_shot_batch_84,b42830b7-bfe1-4967-be6b-2d30955ac889,5b0fa12a-3dd7-45bb-9766-cc326314d9f1,336.542670158,0.0039436446870351,1.1718111956453216e-05,42.5,68.42797445612614,10.0,0.0039693618532541,0.006389338722578,0.0009338215430222,0.0112925221188544,0.0,United States,USA,nevada,Linux-6.6.105+-x86_64-with-glibc2.35,3.12.12,3.2.0,2,Intel(R) Xeon(R) CPU @ 2.00GHz,1,1 x Tesla T4,-115.1164,36.1685,12.671436309814451,machine,N,1.0,0.0,,
2025-12-07T12:12:56,few_shot_batch_85,2e0b5213-f804-4eec-81bf-0d880d865f81,5b0fa12a-3dd7-45bb-9766-cc326314d9f1,270.88130644600096,0.0031751811309225,1.1721669437368366e-05,42.5,68.78226585147472,10.0,0.0031949479192173,0.00514547217193,0.0007516269865694,0.0090920470777168,0.0,United States,USA,nevada,Linux-6.6.105+-x86_64-with-glibc2.35,3.12.12,3.2.0,2,Intel(R) Xeon(R) CPU @ 2.00GHz,1,1 x Tesla T4,-115.1164,36.1685,12.671436309814451,machine,N,1.0,0.0,,
2025-12-07T12:18:18,few_shot_batch_86,06320f3f-46fc-46ec-9210-a46564f1c51c,5b0fa12a-3dd7-45bb-9766-cc326314d9f1,320.9638959349977,0.0037635452284698,1.1725758803825264e-05,42.5,68.48541778484399,10.0,0.0037856084398353,0.00610062293605,0.0008905807130749,0.0107768120889603,0.0,United States,USA,nevada,Linux-6.6.105+-x86_64-with-glibc2.35,3.12.12,3.2.0,2,Intel(R) Xeon(R) CPU @ 2.00GHz,1,1 x Tesla T4,-115.1164,36.1685,12.671436309814451,machine,N,1.0,0.0,,
2025-12-07T12:22:22,few_shot_batch_87,fa57e676-7158-4388-8e28-3aa3df24e1bd,5b0fa12a-3dd7-45bb-9766-cc326314d9f1,242.18280726099687,0.0028356107143403,1.170855498129763e-05,42.5,68.34182907660296,10.0,0.0028560819020333,0.00459168978446,0.0006719244964361,0.0081196961829294,0.0,United States,USA,nevada,Linux-6.6.105+-x86_64-with-glibc2.35,3.12.12,3.2.0,2,Intel(R) Xeon(R) CPU @ 2.00GHz,1,1 x Tesla T4,-115.1164,36.1685,12.671436309814451,machine,N,1.0,0.0,,
2025-12-07T12:27:11,few_shot_batch_88,9ddc8d30-6e97-485b-a68c-4dc717e7bd04,5b0fa12a-3dd7-45bb-9766-cc326314d9f1,287.3964220529997,0.0033629079565849,1.1701286789035843e-05,42.5,67.93069529196964,10.0,0.0033891533607528,0.0054430987989199,0.0007973457116194,0.0096295978712922,0.0,United States,USA,nevada,Linux-6.6.105+-x86_64-with-glibc2.35,3.12.12,3.2.0,2,Intel(R) Xeon(R) CPU @ 2.00GHz,1,1 x Tesla T4,-115.1164,36.1685,12.671436309814451,machine,N,1.0,0.0,,
2025-12-07T12:31:40,few_shot_batch_89,6422ebb3-d9d1-4181-bd66-d35f5e38b0a5,5b0fa12a-3dd7-45bb-9766-cc326314d9f1,268.15574459599884,0.0031445936769909,1.1726743656857117e-05,42.5,68.50045686037329,10.0,0.0031623602511672,0.005098102134034,0.0007439983282527,0.009004460713454,0.0,United States,USA,nevada,Linux-6.6.105+-x86_64-with-glibc2.35,3.12.12,3.2.0,2,Intel(R) Xeon(R) CPU @ 2.00GHz,1,1 x Tesla T4,-115.1164,36.1685,12.671436309814451,machine,N,1.0,0.0,,
2025-12-07T12:35:56,few_shot_batch_90,0696abb0-7771-4477-9172-d6b64731d029,5b0fa12a-3dd7-45bb-9766-cc326314d9f1,254.2902398650004,0.0029750797339607,1.1699543543394134e-05,42.5,68.21339493429372,10.0,0.0029989074785333,0.0048146296850339,0.0007055248633833,0.0085190620269506,0.0,United States,USA,nevada,Linux-6.6.105+-x86_64-with-glibc2.35,3.12.12,3.2.0,2,Intel(R) Xeon(R) CPU @ 2.00GHz,1,1 x Tesla T4,-115.1164,36.1685,12.671436309814451,machine,N,1.0,0.0,,
2025-12-07T12:40:32,few_shot_batch_91,5543480c-5358-477c-b232-104fca02b347,5b0fa12a-3dd7-45bb-9766-cc326314d9f1,274.324441965,0.003209493357706,1.1699625941881985e-05,42.5,68.29703468626289,10.0,0.0032350857755096,0.0051941249886299,0.0007610884662555,0.0091902992303952,0.0,United States,USA,nevada,Linux-6.6.105+-x86_64-with-glibc2.35,3.12.12,3.2.0,2,Intel(R) Xeon(R) CPU @ 2.00GHz,1,1 x Tesla T4,-115.1164,36.1685,12.671436309814451,machine,N,1.0,0.0,,
2025-12-07T12:45:10,few_shot_batch_92,7fe92991-b58e-4ecf-9a03-647af51d64c7,5b0fa12a-3dd7-45bb-9766-cc326314d9f1,276.4778343590005,0.0032384366759172,1.171318736427971e-05,42.5,68.40409057980169,10.0,0.0032605479627638,0.0052455794742379,0.0007670502185639,0.0092731776555657,0.0,United States,USA,nevada,Linux-6.6.105+-x86_64-with-glibc2.35,3.12.12,3.2.0,2,Intel(R) Xeon(R) CPU @ 2.00GHz,1,1 x Tesla T4,-115.1164,36.1685,12.671436309814451,machine,N,1.0,0.0,,
2025-12-07T12:50:17,few_shot_batch_93,80c69370-8c22-4f4b-aabf-068f9b10f205,5b0fa12a-3dd7-45bb-9766-cc326314d9f1,306.1386891999973,0.0035846618152297,1.1709274069857711e-05,42.5,68.2841608465808,10.0,0.0036102655960632,0.0058049668661919,0.0008493517103944,0.0102645841726496,0.0,United States,USA,nevada,Linux-6.6.105+-x86_64-with-glibc2.35,3.12.12,3.2.0,2,Intel(R) Xeon(R) CPU @ 2.00GHz,1,1 x Tesla T4,-115.1164,36.1685,12.671436309814451,machine,N,1.0,0.0,,
2025-12-07T12:54:27,few_shot_batch_94,bcc2375c-5896-4566-a87d-11f78a456b90,5b0fa12a-3dd7-45bb-9766-cc326314d9f1,248.2138952919995,0.0029020549560272,1.169175058718296e-05,42.5,68.16341144182147,10.0,0.0029273622980729,0.0046938976440039,0.0006886975672305,0.0083099575093074,0.0,United States,USA,nevada,Linux-6.6.105+-x86_64-with-glibc2.35,3.12.12,3.2.0,2,Intel(R) Xeon(R) CPU @ 2.00GHz,1,1 x Tesla T4,-115.1164,36.1685,12.671436309814451,machine,N,1.0,0.0,,
2025-12-07T12:58:47,few_shot_batch_95,35ffe19d-bdbb-4ee9-b318-ee63d69a47be,5b0fa12a-3dd7-45bb-9766-cc326314d9f1,258.3402521989992,0.0030229514668213,1.1701434217431829e-05,42.5,68.31843043140721,10.0,0.0030466562490867,0.0048927072474959,0.0007167779695916,0.0086561414661743,0.0,United States,USA,nevada,Linux-6.6.105+-x86_64-with-glibc2.35,3.12.12,3.2.0,2,Intel(R) Xeon(R) CPU @ 2.00GHz,1,1 x Tesla T4,-115.1164,36.1685,12.671436309814451,machine,N,1.0,0.0,,
2025-12-07T13:03:43,few_shot_batch_96,8671ce58-4b48-4a2e-8e01-321cc0676e96,5b0fa12a-3dd7-45bb-9766-cc326314d9f1,294.1946324290002,0.0034471778960102,1.171733783022758e-05,42.5,68.41162750065854,10.0,0.0034695564856339,0.005585080579172,0.0008162655462472,0.0098709026110532,0.0,United States,USA,nevada,Linux-6.6.105+-x86_64-with-glibc2.35,3.12.12,3.2.0,2,Intel(R) Xeon(R) CPU @ 2.00GHz,1,1 x Tesla T4,-115.1164,36.1685,12.671436309814451,machine,N,1.0,0.0,,
2025-12-07T13:05:37,few_shot_batch_97,4a9e570f-b3fb-44f4-95a6-5fe0b2396f36,5b0fa12a-3dd7-45bb-9766-cc326314d9f1,113.02182559500216,0.0013244309286137698,1.1718364321592912e-05,42.5,68.41067616903587,10.0,0.0013328889276375774,0.0021460039390240326,0.0003135800215361289,0.003792472888197739,0.0,United States,USA,nevada,Linux-6.6.105+-x86_64-with-glibc2.35,3.12.12,3.2.0,2,Intel(R) Xeon(R) CPU @ 2.00GHz,1,1 x Tesla T4,-115.1164,36.1685,12.671436309814453,machine,N,1.0,0.0,,
